{"rate": 1908.8000000000002, "official_rate": 1193.0, "blue_rate": 1200.0, "impuesto_pais_pct": 30.0, "percepcion_ganancias_pct": 30.0, "timestamp": "2025-04-29T20:02:56.338963", "source": "Bluelytics (fuente oficial)"}